experiment,sample,substrate,abs,e,buffer,pH,T,[enz],[h2o2],[sub]
146,1,BnOH,285,1.23,Pyrophosphate,8.66,25,0.021,35.244,10.816
146,2,BnOH,285,1.23,Pyrophosphate,8.66,25,0.021,35.244,3.028
146,3,BnOH,285,1.23,Pyrophosphate,8.66,25,0.021,35.244,0.865
146,4,BnOH,285,1.23,Pyrophosphate,8.66,25,0.021,35.244,0.216
146,5,BnOH,285,1.23,Pyrophosphate,8.66,25,0.021,24.964,10.816
146,6,BnOH,285,1.23,Pyrophosphate,8.66,25,0.021,14.685,10.816
146,7,BnOH,285,1.23,Pyrophosphate,8.66,25,0.021,5.14,10.816
62,1,BnOH,285,1.23,Boric,9.0,25,0.014,122.426,0.596
62,2,BnOH,285,1.23,Boric,9.0,25,0.014,122.426,2.981
62,3,BnOH,285,1.23,Boric,9.0,25,0.014,122.426,5.366
62,4,BnOH,285,1.23,Boric,9.0,25,0.014,122.426,7.751
65,1,BnOH,285,1.23,Boric,8.51,25,0.0,122.426,7.31
65,2,BnOH,285,1.23,Boric,8.51,25,0.0,122.426,3.655
65,3,BnOH,285,1.23,Boric,8.51,25,0.0,122.426,1.827
65,4,BnOH,285,1.23,Boric,8.51,25,0.0,122.426,0.365
150,1,BnOH,285,1.23,Pyrophosphate,6.26,25,0.021,35.244,10.816
150,2,BnOH,285,1.23,Pyrophosphate,6.26,25,0.021,35.244,3.028
150,3,BnOH,285,1.23,Pyrophosphate,6.26,25,0.021,35.244,0.865
150,4,BnOH,285,1.23,Pyrophosphate,6.26,25,0.021,35.244,0.216
150,5,BnOH,285,1.23,Pyrophosphate,6.26,25,0.021,24.964,10.816
150,6,BnOH,285,1.23,Pyrophosphate,6.26,25,0.021,14.685,10.816
150,7,BnOH,285,1.23,Pyrophosphate,6.26,25,0.021,5.14,10.816
52,1,4OMe-BnOH,300,7.53,Phosphate,7.5,25,0.0,82.5,0.048
52,2,4OMe-BnOH,300,7.53,Phosphate,7.5,25,0.0,82.5,0.095
52,3,4OMe-BnOH,300,7.53,Phosphate,7.5,25,0.0,82.5,0.143
52,4,4OMe-BnOH,300,7.53,Phosphate,7.5,25,0.0,82.5,0.191
83,1,BnOH,285,1.23,Phosphate,7.5,25,0.028,122.426,14.313
83,2,BnOH,285,1.23,Phosphate,7.5,25,0.028,122.426,11.45
83,3,BnOH,285,1.23,Phosphate,7.5,25,0.028,122.426,9.542
83,4,BnOH,285,1.23,Phosphate,7.5,25,0.028,122.426,6.361
43,1,4OMe-BnOH,300,7.53,Boric,9.5,25,0.27,82.5,1.529
43,2,4OMe-BnOH,300,7.53,Boric,9.5,25,0.27,82.5,3.057
43,3,4OMe-BnOH,300,7.53,Boric,9.5,25,0.27,82.5,4.586
43,4,4OMe-BnOH,300,7.53,Boric,9.5,25,0.27,82.5,6.114
18,1,4OMe-BnOH,300,7.53,Phosphate,7.0,20,0.273,82.5,1.85
18,2,4OMe-BnOH,300,7.53,Phosphate,7.0,20,0.273,82.5,3.7
18,3,4OMe-BnOH,300,7.53,Phosphate,7.0,20,0.273,82.5,5.549
18,4,4OMe-BnOH,300,7.53,Phosphate,7.0,20,0.273,82.5,7.399
61,1,BnOH,285,1.23,Boric,8.75,25,0.014,122.426,0.596
61,2,BnOH,285,1.23,Boric,8.75,25,0.014,122.426,2.981
61,3,BnOH,285,1.23,Boric,8.75,25,0.014,122.426,5.366
61,4,BnOH,285,1.23,Boric,8.75,25,0.014,122.426,7.751
31,1,4OMe-BnOH,300,7.53,Phosphate,7.0,35,0.0,82.5,0.095
31,2,4OMe-BnOH,300,7.53,Phosphate,7.0,35,0.0,82.5,0.191
31,3,4OMe-BnOH,300,7.53,Phosphate,7.0,35,0.0,82.5,0.286
31,4,4OMe-BnOH,300,7.53,Phosphate,7.0,35,0.0,82.5,0.381
57,1,4OMe-BnOH,300,7.53,Carbonate,9.48,25,0.14,82.5,0.469
57,2,4OMe-BnOH,300,7.53,Carbonate,9.48,25,0.14,82.5,0.939
57,3,4OMe-BnOH,300,7.53,Carbonate,9.48,25,0.14,82.5,1.877
57,4,4OMe-BnOH,300,7.53,Carbonate,9.48,25,0.14,82.5,3.754
20,1,4OMe-BnOH,300,7.53,Phosphate,7.5,25,0.241,82.5,1.85
20,2,4OMe-BnOH,300,7.53,Phosphate,7.5,25,0.241,82.5,3.7
20,3,4OMe-BnOH,300,7.53,Phosphate,7.5,25,0.241,82.5,5.549
20,4,4OMe-BnOH,300,7.53,Phosphate,7.5,25,0.241,82.5,7.399
39,1,4OMe-BnOH,300,7.53,Phosphate,6.97,40,0.0,82.5,0.095
39,2,4OMe-BnOH,300,7.53,Phosphate,6.97,40,0.0,82.5,0.191
39,3,4OMe-BnOH,300,7.53,Phosphate,6.97,40,0.0,82.5,0.286
39,4,4OMe-BnOH,300,7.53,Phosphate,6.97,40,0.0,82.5,0.381
11,1,4OMe-BnOH,300,7.53,Phosphate,5.64,25,0.273,82.5,1.85
11,2,4OMe-BnOH,300,7.53,Phosphate,5.64,25,0.273,82.5,3.7
11,3,4OMe-BnOH,300,7.53,Phosphate,5.64,25,0.273,82.5,5.549
11,4,4OMe-BnOH,300,7.53,Phosphate,5.64,25,0.273,82.5,7.399
34,1,4OMe-BnOH,300,7.53,Phosphate,7.0,40,0.241,82.5,8.251
34,2,4OMe-BnOH,300,7.53,Phosphate,7.0,40,0.241,82.5,8.251
34,3,4OMe-BnOH,300,7.53,Phosphate,7.0,40,0.241,82.5,8.251
34,4,4OMe-BnOH,300,7.53,Phosphate,7.0,40,0.241,82.5,8.251
29,1,4OMe-BnOH,300,7.53,Phosphate,7.0,40,0.0,82.5,0.382
29,2,4OMe-BnOH,300,7.53,Phosphate,7.0,40,0.0,82.5,0.764
29,3,4OMe-BnOH,300,7.53,Phosphate,7.0,40,0.0,82.5,1.146
29,4,4OMe-BnOH,300,7.53,Phosphate,7.0,40,0.0,82.5,1.529
140,1,BnOH,285,1.23,Pyrophosphate,9.22,25,0.034,73.424,10.816
140,2,BnOH,285,1.23,Pyrophosphate,9.22,25,0.034,73.424,3.028
140,3,BnOH,285,1.23,Pyrophosphate,9.22,25,0.034,73.424,0.865
140,4,BnOH,285,1.23,Pyrophosphate,9.22,25,0.034,73.424,0.216
140,5,BnOH,285,1.23,Pyrophosphate,9.22,25,0.034,36.712,10.816
140,6,BnOH,285,1.23,Pyrophosphate,9.22,25,0.034,7.342,10.816
140,7,BnOH,285,1.23,Pyrophosphate,9.22,25,0.034,3.671,10.816
66,1,BnOH,285,1.23,Boric,8.51,25,0.028,122.426,7.31
66,2,BnOH,285,1.23,Boric,8.51,25,0.028,122.426,3.655
66,3,BnOH,285,1.23,Boric,8.51,25,0.028,122.426,1.827
66,4,BnOH,285,1.23,Boric,8.51,25,0.028,122.426,0.365
141,1,BnOH,285,1.23,Pyrophosphate,9.15,25,0.014,73.424,10.816
141,2,BnOH,285,1.23,Pyrophosphate,9.15,25,0.014,73.424,3.028
141,3,BnOH,285,1.23,Pyrophosphate,9.15,25,0.014,73.424,0.865
141,4,BnOH,285,1.23,Pyrophosphate,9.15,25,0.014,73.424,0.216
141,5,BnOH,285,1.23,Pyrophosphate,9.15,25,0.014,36.712,10.816
141,6,BnOH,285,1.23,Pyrophosphate,9.15,25,0.014,7.342,10.816
141,7,BnOH,285,1.23,Pyrophosphate,9.15,25,0.014,3.671,10.816
82,1,BnOH,285,1.23,Phosphate,7.5,25,0.014,122.426,9.542
82,2,BnOH,285,1.23,Phosphate,7.5,25,0.014,122.426,7.952
82,3,BnOH,285,1.23,Phosphate,7.5,25,0.014,122.426,6.816
82,4,BnOH,285,1.23,Phosphate,7.5,25,0.014,122.426,4.771
76,1,BnOH,285,1.23,Pyrophosphate,9.02,25,0.028,122.426,6.325
76,2,BnOH,285,1.23,Pyrophosphate,9.02,25,0.028,122.426,3.163
76,3,BnOH,285,1.23,Pyrophosphate,9.02,25,0.028,122.426,1.265
76,4,BnOH,285,1.23,Pyrophosphate,9.02,25,0.028,122.426,0.316
77,1,BnOH,285,1.23,Carbonate,9.5,25,0.028,122.426,6.325
77,2,BnOH,285,1.23,Carbonate,9.5,25,0.028,122.426,3.163
77,3,BnOH,285,1.23,Carbonate,9.5,25,0.028,122.426,1.265
77,4,BnOH,285,1.23,Carbonate,9.5,25,0.028,122.426,0.316
37,1,4OMe-BnOH,300,7.53,Phosphate,7.53,40,0.27,82.5,12.228
37,2,4OMe-BnOH,300,7.53,Phosphate,7.53,40,0.27,82.5,12.228
37,3,4OMe-BnOH,300,7.53,Phosphate,7.53,40,0.27,82.5,12.228
37,4,4OMe-BnOH,300,7.53,Phosphate,7.53,40,0.27,82.5,12.228
36,1,4OMe-BnOH,300,7.53,Phosphate,7.53,40,0.241,82.5,57.9
36,2,4OMe-BnOH,300,7.53,Phosphate,7.53,40,0.241,82.5,57.9
36,3,4OMe-BnOH,300,7.53,Phosphate,7.53,40,0.241,82.5,57.9
36,4,4OMe-BnOH,300,7.53,Phosphate,7.53,40,0.241,82.5,57.9
12,1,4OMe-BnOH,300,7.53,Phosphate,8.95,25,0.273,82.5,1.85
12,2,4OMe-BnOH,300,7.53,Phosphate,8.95,25,0.273,82.5,3.7
12,3,4OMe-BnOH,300,7.53,Phosphate,8.95,25,0.273,82.5,5.549
12,4,4OMe-BnOH,300,7.53,Phosphate,8.95,25,0.273,82.5,7.399
38,1,4OMe-BnOH,300,7.53,Phosphate,7.0,40,0.0,82.5,0.191
38,2,4OMe-BnOH,300,7.53,Phosphate,7.0,40,0.0,82.5,0.381
38,3,4OMe-BnOH,300,7.53,Phosphate,7.0,40,0.0,82.5,0.572
19,1,4OMe-BnOH,300,7.53,Phosphate,7.0,15,0.241,82.5,1.85
19,2,4OMe-BnOH,300,7.53,Phosphate,7.0,15,0.241,82.5,3.7
19,3,4OMe-BnOH,300,7.53,Phosphate,7.0,15,0.241,82.5,5.549
19,4,4OMe-BnOH,300,7.53,Phosphate,7.0,15,0.241,82.5,7.399
14,1,4OMe-BnOH,300,7.53,Phosphate,7.0,25,0.273,82.5,1.85
14,2,4OMe-BnOH,300,7.53,Phosphate,7.0,25,0.273,82.5,3.7
14,3,4OMe-BnOH,300,7.53,Phosphate,7.0,25,0.273,82.5,5.549
14,4,4OMe-BnOH,300,7.53,Phosphate,7.0,25,0.273,82.5,7.399
131,1,4OMe-BnOH,300,7.53,Pyrophosphate,7.29,25,0.032,195.882,9.47
131,2,4OMe-BnOH,300,7.53,Pyrophosphate,7.29,25,0.032,195.882,9.47
131,3,4OMe-BnOH,300,7.53,Pyrophosphate,7.29,25,0.032,3.879,9.47
131,4,4OMe-BnOH,300,7.53,Pyrophosphate,7.29,25,0.032,3.879,9.47
35,1,4OMe-BnOH,300,7.53,Phosphate,7.5,40,0.241,82.5,8.251
35,2,4OMe-BnOH,300,7.53,Phosphate,7.5,40,0.241,82.5,8.251
35,3,4OMe-BnOH,300,7.53,Phosphate,7.5,40,0.241,82.5,8.251
35,4,4OMe-BnOH,300,7.53,Phosphate,7.5,40,0.241,82.5,8.251
44,1,4OMe-BnOH,300,7.53,Boric,10.07,25,0.27,82.5,1.529
44,2,4OMe-BnOH,300,7.53,Boric,10.07,25,0.27,82.5,3.057
44,3,4OMe-BnOH,300,7.53,Boric,10.07,25,0.27,82.5,4.586
44,4,4OMe-BnOH,300,7.53,Boric,10.07,25,0.27,82.5,6.114
67,1,BnOH,285,1.23,Phosphate,8.01,25,0.0,122.426,7.31
67,2,BnOH,285,1.23,Phosphate,8.01,25,0.0,122.426,3.655
67,3,BnOH,285,1.23,Phosphate,8.01,25,0.0,122.426,1.827
67,4,BnOH,285,1.23,Phosphate,8.01,25,0.0,122.426,0.365
13,1,4OMe-BnOH,300,7.53,Boric,9.5,25,0.273,82.5,1.85
13,2,4OMe-BnOH,300,7.53,Boric,9.5,25,0.273,82.5,3.7
13,3,4OMe-BnOH,300,7.53,Boric,9.5,25,0.273,82.5,5.549
13,4,4OMe-BnOH,300,7.53,Boric,9.5,25,0.273,82.5,7.399
23,1,4OMe-BnOH,300,7.53,Phosphate,7.0,40,0.0,82.5,2.063
23,2,4OMe-BnOH,300,7.53,Phosphate,7.0,40,0.0,82.5,4.125
23,3,4OMe-BnOH,300,7.53,Phosphate,7.0,40,0.0,82.5,6.188
23,4,4OMe-BnOH,300,7.53,Phosphate,7.0,40,0.0,82.5,8.251
71,1,BnOH,285,1.23,Phosphate,8.01,25,0.028,122.426,2.108
71,2,BnOH,285,1.23,Phosphate,8.01,25,0.028,122.426,1.054
71,3,BnOH,285,1.23,Phosphate,8.01,25,0.028,122.426,0.422
71,4,BnOH,285,1.23,Phosphate,8.01,25,0.028,122.426,0.211
9,1,4OMe-BnOH,300,7.53,Phosphate,5.67,25,0.175,82.5,1.85
9,2,4OMe-BnOH,300,7.53,Phosphate,5.67,25,0.175,82.5,3.7
9,3,4OMe-BnOH,300,7.53,Phosphate,5.67,25,0.175,82.5,5.549
9,4,4OMe-BnOH,300,7.53,Phosphate,5.67,25,0.175,82.5,7.399
128,1,4OMe-BnOH,300,7.53,Pyrophosphate,7.29,25,0.032,195.882,9.47
128,2,4OMe-BnOH,300,7.53,Pyrophosphate,7.29,25,0.032,195.882,9.47
128,3,4OMe-BnOH,300,7.53,Pyrophosphate,7.29,25,0.032,3.879,9.47
128,4,4OMe-BnOH,300,7.53,Pyrophosphate,7.29,25,0.032,3.879,9.47
128,5,4OMe-BnOH,300,7.53,Pyrophosphate,7.29,25,0.0,195.882,9.47
51,1,BnOH,285,1.23,Boric,9.01,25,0.28,82.5,2.062
51,2,BnOH,285,1.23,Boric,9.01,25,0.28,82.5,4.124
51,3,BnOH,285,1.23,Boric,9.01,25,0.28,82.5,6.186
51,4,BnOH,285,1.23,Boric,9.01,25,0.28,82.5,8.249
25,1,4OMe-BnOH,300,7.53,Phosphate,7.0,40,0.0,82.5,2.063
25,2,4OMe-BnOH,300,7.53,Phosphate,7.0,40,0.0,82.5,4.125
25,3,4OMe-BnOH,300,7.53,Phosphate,7.0,40,0.0,82.5,6.188
25,4,4OMe-BnOH,300,7.53,Phosphate,7.0,40,0.0,82.5,8.251
142,1,BnOH,285,1.23,Pyrophosphate,9.43,25,0.014,73.424,10.816
142,2,BnOH,285,1.23,Pyrophosphate,9.43,25,0.014,73.424,3.028
142,3,BnOH,285,1.23,Pyrophosphate,9.43,25,0.014,73.424,0.865
142,4,BnOH,285,1.23,Pyrophosphate,9.43,25,0.014,73.424,0.216
142,5,BnOH,285,1.23,Pyrophosphate,9.43,25,0.014,36.712,10.816
142,6,BnOH,285,1.23,Pyrophosphate,9.43,25,0.014,7.342,10.816
142,7,BnOH,285,1.23,Pyrophosphate,9.43,25,0.014,3.671,10.816
70,1,BnOH,285,1.23,Phosphate,8.01,25,0.0,122.426,2.108
70,2,BnOH,285,1.23,Phosphate,8.01,25,0.0,122.426,1.054
70,3,BnOH,285,1.23,Phosphate,8.01,25,0.0,122.426,0.422
70,4,BnOH,285,1.23,Phosphate,8.01,25,0.0,122.426,0.211
72,1,BnOH,285,1.23,Phosphate,7.0,25,0.028,122.426,6.325
72,2,BnOH,285,1.23,Phosphate,7.0,25,0.028,122.426,3.163
72,3,BnOH,285,1.23,Phosphate,7.0,25,0.028,122.426,1.265
72,4,BnOH,285,1.23,Phosphate,7.0,25,0.028,122.426,0.316
28,1,4OMe-BnOH,300,7.53,Phosphate,7.0,40,0.0,82.5,2.063
28,2,4OMe-BnOH,300,7.53,Phosphate,7.0,40,0.0,82.5,4.125
28,3,4OMe-BnOH,300,7.53,Phosphate,7.0,40,0.0,82.5,6.188
28,4,4OMe-BnOH,300,7.53,Phosphate,7.0,40,0.0,82.5,8.251
27,1,4OMe-BnOH,300,7.53,Phosphate,7.0,40,0.0,82.5,1.031
27,2,4OMe-BnOH,300,7.53,Phosphate,7.0,40,0.0,82.5,2.063
27,3,4OMe-BnOH,300,7.53,Phosphate,7.0,40,0.0,82.5,3.094
27,4,4OMe-BnOH,300,7.53,Phosphate,7.0,40,0.0,82.5,4.125
147,1,BnOH,285,1.23,Pyrophosphate,8.02,25,0.021,35.244,10.816
147,2,BnOH,285,1.23,Pyrophosphate,8.02,25,0.021,35.244,3.028
147,3,BnOH,285,1.23,Pyrophosphate,8.02,25,0.021,35.244,0.865
147,4,BnOH,285,1.23,Pyrophosphate,8.02,25,0.021,35.244,0.216
147,5,BnOH,285,1.23,Pyrophosphate,8.02,25,0.021,24.964,10.816
147,6,BnOH,285,1.23,Pyrophosphate,8.02,25,0.021,14.685,10.816
147,7,BnOH,285,1.23,Pyrophosphate,8.02,25,0.021,5.14,10.816
47,1,4OMe-BnOH,300,7.53,Boric,9.4,25,0.27,82.5,1.529
47,2,4OMe-BnOH,300,7.53,Boric,9.4,25,0.27,82.5,3.057
47,3,4OMe-BnOH,300,7.53,Boric,9.4,25,0.27,82.5,4.586
47,4,4OMe-BnOH,300,7.53,Boric,9.4,25,0.27,82.5,6.114
30,1,4OMe-BnOH,300,7.53,Phosphate,7.0,40,0.0,82.5,0.095
30,2,4OMe-BnOH,300,7.53,Phosphate,7.0,40,0.0,82.5,0.191
30,3,4OMe-BnOH,300,7.53,Phosphate,7.0,40,0.0,82.5,0.286
30,4,4OMe-BnOH,300,7.53,Phosphate,7.0,40,0.0,82.5,0.381
24,1,4OMe-BnOH,300,7.53,Phosphate,7.0,40,0.0,82.5,2.063
24,2,4OMe-BnOH,300,7.53,Phosphate,7.0,40,0.0,82.5,4.125
24,3,4OMe-BnOH,300,7.53,Phosphate,7.0,40,0.0,82.5,6.188
24,4,4OMe-BnOH,300,7.53,Phosphate,7.0,40,0.0,82.5,8.251
151,1,BnOH,285,1.23,Pyrophosphate,5.47,25,0.021,35.244,10.816
151,2,BnOH,285,1.23,Pyrophosphate,5.47,25,0.021,35.244,3.028
151,3,BnOH,285,1.23,Pyrophosphate,5.47,25,0.021,35.244,0.865
151,4,BnOH,285,1.23,Pyrophosphate,5.47,25,0.021,35.244,0.216
151,5,BnOH,285,1.23,Pyrophosphate,5.47,25,0.021,24.964,10.816
151,6,BnOH,285,1.23,Pyrophosphate,5.47,25,0.021,14.685,10.816
151,7,BnOH,285,1.23,Pyrophosphate,5.47,25,0.021,5.14,10.816
138,1,BnOH,285,1.23,Pyrophosphate,8.16,25,0.034,73.424,10.816
138,2,BnOH,285,1.23,Pyrophosphate,8.16,25,0.034,73.424,3.028
138,3,BnOH,285,1.23,Pyrophosphate,8.16,25,0.034,73.424,0.865
138,4,BnOH,285,1.23,Pyrophosphate,8.16,25,0.034,73.424,0.216
138,5,BnOH,285,1.23,Pyrophosphate,8.16,25,0.034,36.712,10.816
138,6,BnOH,285,1.23,Pyrophosphate,8.16,25,0.034,7.342,10.816
138,7,BnOH,285,1.23,Pyrophosphate,8.16,25,0.034,3.671,10.816
143,1,BnOH,285,1.23,Pyrophosphate,9.73,25,0.021,35.244,10.816
143,2,BnOH,285,1.23,Pyrophosphate,9.73,25,0.021,35.244,3.028
143,3,BnOH,285,1.23,Pyrophosphate,9.73,25,0.021,35.244,0.865
143,4,BnOH,285,1.23,Pyrophosphate,9.73,25,0.021,35.244,0.216
143,5,BnOH,285,1.23,Pyrophosphate,9.73,25,0.021,24.964,10.816
143,6,BnOH,285,1.23,Pyrophosphate,9.73,25,0.021,14.685,10.816
143,7,BnOH,285,1.23,Pyrophosphate,9.73,25,0.021,5.14,10.816
139,1,BnOH,285,1.23,Pyrophosphate,8.5,25,0.034,73.424,10.816
139,2,BnOH,285,1.23,Pyrophosphate,8.5,25,0.034,73.424,3.028
139,3,BnOH,285,1.23,Pyrophosphate,8.5,25,0.034,73.424,0.865
139,4,BnOH,285,1.23,Pyrophosphate,8.5,25,0.034,73.424,0.216
139,5,BnOH,285,1.23,Pyrophosphate,8.5,25,0.034,36.712,10.816
139,6,BnOH,285,1.23,Pyrophosphate,8.5,25,0.034,7.342,10.816
139,7,BnOH,285,1.23,Pyrophosphate,8.5,25,0.034,3.671,10.816
26,1,4OMe-BnOH,300,7.53,Phosphate,7.0,40,0.0,82.5,4.125
26,2,4OMe-BnOH,300,7.53,Phosphate,7.0,40,0.0,82.5,4.125
26,3,4OMe-BnOH,300,7.53,Phosphate,7.0,40,0.0,82.5,4.125
26,4,4OMe-BnOH,300,7.53,Phosphate,7.0,40,0.0,82.5,4.125
130,1,4OMe-BnOH,300,7.53,Pyrophosphate,7.29,25,0.032,195.882,9.47
130,2,4OMe-BnOH,300,7.53,Pyrophosphate,7.29,25,0.032,195.882,9.47
130,3,4OMe-BnOH,300,7.53,Pyrophosphate,7.29,25,0.032,3.879,9.47
130,4,4OMe-BnOH,300,7.53,Pyrophosphate,7.29,25,0.032,3.879,9.47
144,1,BnOH,285,1.23,Pyrophosphate,9.32,25,0.021,35.244,10.816
144,2,BnOH,285,1.23,Pyrophosphate,9.32,25,0.021,35.244,3.028
144,3,BnOH,285,1.23,Pyrophosphate,9.32,25,0.021,35.244,0.865
144,4,BnOH,285,1.23,Pyrophosphate,9.32,25,0.021,35.244,0.216
144,5,BnOH,285,1.23,Pyrophosphate,9.32,25,0.021,24.964,10.816
144,6,BnOH,285,1.23,Pyrophosphate,9.32,25,0.021,14.685,10.816
144,7,BnOH,285,1.23,Pyrophosphate,9.32,25,0.021,5.14,10.816
41,1,4OMe-BnOH,300,7.53,Boric,8.46,25,0.27,82.5,1.529
41,2,4OMe-BnOH,300,7.53,Boric,8.46,25,0.27,82.5,3.057
41,3,4OMe-BnOH,300,7.53,Boric,8.46,25,0.27,82.5,4.586
41,4,4OMe-BnOH,300,7.53,Boric,8.46,25,0.27,82.5,6.114
8,1,4OMe-BnOH,300,7.53,Phosphate,8.01,25,0.175,82.5,1.585
8,2,4OMe-BnOH,300,7.53,Phosphate,8.01,25,0.175,82.5,3.17
8,3,4OMe-BnOH,300,7.53,Phosphate,8.01,25,0.175,82.5,4.755
8,4,4OMe-BnOH,300,7.53,Phosphate,8.01,25,0.175,82.5,6.34
46,1,4OMe-BnOH,300,7.53,Boric,9.23,25,0.27,82.5,1.529
46,2,4OMe-BnOH,300,7.53,Boric,9.23,25,0.27,82.5,3.057
46,3,4OMe-BnOH,300,7.53,Boric,9.23,25,0.27,82.5,4.586
46,4,4OMe-BnOH,300,7.53,Boric,9.23,25,0.27,82.5,6.114
73,1,BnOH,285,1.23,Phosphate,7.5,25,0.028,122.426,6.325
73,2,BnOH,285,1.23,Phosphate,7.5,25,0.028,122.426,3.163
73,3,BnOH,285,1.23,Phosphate,7.5,25,0.028,122.426,1.265
73,4,BnOH,285,1.23,Phosphate,7.5,25,0.028,122.426,0.316
135,1,BnOH,285,1.23,Pyrophosphate,7.7,25,0.069,163.165,8.759
135,2,BnOH,285,1.23,Pyrophosphate,7.7,25,0.069,163.165,3.066
135,3,BnOH,285,1.23,Pyrophosphate,7.7,25,0.069,163.165,0.876
135,4,BnOH,285,1.23,Pyrophosphate,7.7,25,0.069,163.165,0.219
135,5,BnOH,285,1.23,Pyrophosphate,7.7,25,0.069,97.899,8.759
135,6,BnOH,285,1.23,Pyrophosphate,7.7,25,0.069,12.237,8.759
135,7,BnOH,285,1.23,Pyrophosphate,7.7,25,0.069,2.447,8.759
42,1,4OMe-BnOH,300,7.53,Boric,8.98,25,0.27,82.5,1.529
42,2,4OMe-BnOH,300,7.53,Boric,8.98,25,0.27,82.5,3.057
42,3,4OMe-BnOH,300,7.53,Boric,8.98,25,0.27,82.5,4.586
42,4,4OMe-BnOH,300,7.53,Boric,8.98,25,0.27,82.5,6.114
74,1,BnOH,285,1.23,Phosphate,8.0,25,0.028,122.426,6.325
74,2,BnOH,285,1.23,Phosphate,8.0,25,0.028,122.426,3.163
74,3,BnOH,285,1.23,Phosphate,8.0,25,0.028,122.426,1.265
74,4,BnOH,285,1.23,Phosphate,8.0,25,0.028,122.426,0.316
75,1,BnOH,285,1.23,Pyrophosphate,8.49,25,0.028,122.426,6.325
75,2,BnOH,285,1.23,Pyrophosphate,8.49,25,0.028,122.426,3.163
75,3,BnOH,285,1.23,Pyrophosphate,8.49,25,0.028,122.426,1.265
75,4,BnOH,285,1.23,Pyrophosphate,8.49,25,0.028,122.426,0.316
79,1,BnOH,285,1.23,Carbonate,9.4,25,0.0,122.426,6.325
79,2,BnOH,285,1.23,Carbonate,9.4,25,0.0,122.426,3.163
79,3,BnOH,285,1.23,Carbonate,9.4,25,0.0,122.426,1.265
79,4,BnOH,285,1.23,Carbonate,9.4,25,0.0,122.426,0.316
2,1,4OMe-BnOH,300,7.53,Phosphate,6.71,25,0.175,82.5,1.52
2,2,4OMe-BnOH,300,7.53,Phosphate,6.71,25,0.175,82.5,3.04
2,3,4OMe-BnOH,300,7.53,Phosphate,6.71,25,0.175,82.5,4.56
2,4,4OMe-BnOH,300,7.53,Phosphate,6.71,25,0.175,82.5,6.079
17,1,4OMe-BnOH,300,7.53,Phosphate,7.0,30,0.273,82.5,1.85
17,2,4OMe-BnOH,300,7.53,Phosphate,7.0,30,0.273,82.5,3.7
17,3,4OMe-BnOH,300,7.53,Phosphate,7.0,30,0.273,82.5,5.549
17,4,4OMe-BnOH,300,7.53,Phosphate,7.0,30,0.273,82.5,7.399
68,1,BnOH,285,1.23,Phosphate,8.01,25,0.028,122.426,7.31
68,2,BnOH,285,1.23,Phosphate,8.01,25,0.028,122.426,3.655
68,3,BnOH,285,1.23,Phosphate,8.01,25,0.028,122.426,1.827
68,4,BnOH,285,1.23,Phosphate,8.01,25,0.028,122.426,0.365
49,1,4OMe-BnOH,300,7.53,Boric,10.34,25,0.27,82.5,1.529
49,2,4OMe-BnOH,300,7.53,Boric,10.34,25,0.27,82.5,3.057
49,3,4OMe-BnOH,300,7.53,Boric,10.34,25,0.27,82.5,4.586
49,4,4OMe-BnOH,300,7.53,Boric,10.34,25,0.27,82.5,6.114
5,1,4OMe-BnOH,300,7.53,Phosphate,6.71,25,0.175,82.5,1.621
5,2,4OMe-BnOH,300,7.53,Phosphate,6.71,25,0.175,82.5,3.242
5,3,4OMe-BnOH,300,7.53,Phosphate,6.71,25,0.175,82.5,4.864
5,4,4OMe-BnOH,300,7.53,Phosphate,6.71,25,0.175,82.5,6.485
50,1,BnOH,285,1.23,Boric,9.7,25,0.28,82.5,2.062
50,2,BnOH,285,1.23,Boric,9.7,25,0.28,82.5,4.124
50,3,BnOH,285,1.23,Boric,9.7,25,0.28,82.5,6.186
50,4,BnOH,285,1.23,Boric,9.7,25,0.28,82.5,8.249
149,1,BnOH,285,1.23,Pyrophosphate,7.1,25,0.021,35.244,10.816
149,2,BnOH,285,1.23,Pyrophosphate,7.1,25,0.021,35.244,3.028
149,3,BnOH,285,1.23,Pyrophosphate,7.1,25,0.021,35.244,0.865
149,4,BnOH,285,1.23,Pyrophosphate,7.1,25,0.021,35.244,0.216
149,5,BnOH,285,1.23,Pyrophosphate,7.1,25,0.021,24.964,10.816
149,6,BnOH,285,1.23,Pyrophosphate,7.1,25,0.021,14.685,10.816
149,7,BnOH,285,1.23,Pyrophosphate,7.1,25,0.021,5.14,10.816
148,1,BnOH,285,1.23,Pyrophosphate,7.6,25,0.021,35.244,10.816
148,2,BnOH,285,1.23,Pyrophosphate,7.6,25,0.021,35.244,3.028
148,3,BnOH,285,1.23,Pyrophosphate,7.6,25,0.021,35.244,0.865
148,4,BnOH,285,1.23,Pyrophosphate,7.6,25,0.021,35.244,0.216
148,5,BnOH,285,1.23,Pyrophosphate,7.6,25,0.021,24.964,10.816
148,6,BnOH,285,1.23,Pyrophosphate,7.6,25,0.021,14.685,10.816
148,7,BnOH,285,1.23,Pyrophosphate,7.6,25,0.021,5.14,10.816
129,1,4OMe-BnOH,300,7.53,Pyrophosphate,7.29,25,0.032,195.882,9.47
129,2,4OMe-BnOH,300,7.53,Pyrophosphate,7.29,25,0.032,195.882,9.47
129,3,4OMe-BnOH,300,7.53,Pyrophosphate,7.29,25,0.032,3.879,9.47
129,4,4OMe-BnOH,300,7.53,Pyrophosphate,7.29,25,0.032,3.879,9.47
60,1,BnOH,285,1.23,Boric,8.51,25,0.014,122.426,0.596
60,2,BnOH,285,1.23,Boric,8.51,25,0.014,122.426,2.981
60,3,BnOH,285,1.23,Boric,8.51,25,0.014,122.426,5.366
60,4,BnOH,285,1.23,Boric,8.51,25,0.014,122.426,7.751
21,1,4OMe-BnOH,300,7.53,Phosphate,8.5,25,0.241,82.5,1.85
21,2,4OMe-BnOH,300,7.53,Phosphate,8.5,25,0.241,82.5,3.7
21,3,4OMe-BnOH,300,7.53,Phosphate,8.5,25,0.241,82.5,5.549
21,4,4OMe-BnOH,300,7.53,Phosphate,8.5,25,0.241,82.5,7.399
59,1,BnOH,285,1.23,Boric,8.51,25,0.028,122.426,0.596
59,2,BnOH,285,1.23,Boric,8.51,25,0.028,122.426,2.981
59,3,BnOH,285,1.23,Boric,8.51,25,0.028,122.426,5.366
59,4,BnOH,285,1.23,Boric,8.51,25,0.028,122.426,7.751
58,1,4OMe-BnOH,300,7.53,Carbonate,9.48,25,0.133,156.398,0.534
58,2,4OMe-BnOH,300,7.53,Carbonate,9.48,25,0.133,157.143,0.894
58,3,4OMe-BnOH,300,7.53,Carbonate,9.48,25,0.133,157.143,1.788
58,4,4OMe-BnOH,300,7.53,Carbonate,9.48,25,0.133,157.143,3.576
85,1,4OMe-BnOH,300,7.53,Carbonate,11.84,25,0.168,244.853,14.297
85,2,4OMe-BnOH,300,7.53,Carbonate,11.84,25,0.168,244.853,8.17
85,3,4OMe-BnOH,300,7.53,Carbonate,11.84,25,0.168,244.853,4.085
85,4,4OMe-BnOH,300,7.53,Carbonate,11.84,25,0.168,244.853,2.918
85,5,4OMe-BnOH,300,7.53,Carbonate,11.84,25,0.168,244.853,2.042
85,6,4OMe-BnOH,300,7.53,Carbonate,11.84,25,0.168,244.853,1.021
85,7,4OMe-BnOH,300,7.53,Carbonate,11.84,25,0.168,244.853,0.511
45,1,4OMe-BnOH,300,7.53,Boric,9.7,25,0.27,82.5,1.529
45,2,4OMe-BnOH,300,7.53,Boric,9.7,25,0.27,82.5,3.057
45,3,4OMe-BnOH,300,7.53,Boric,9.7,25,0.27,82.5,4.586
45,4,4OMe-BnOH,300,7.53,Boric,9.7,25,0.27,82.5,6.114
55,1,BnOH,285,1.23,Boric,9.7,25,0.28,82.5,2.062
55,2,BnOH,285,1.23,Boric,9.7,25,0.28,82.5,4.124
55,3,BnOH,285,1.23,Boric,9.7,25,0.28,82.5,6.186
55,4,BnOH,285,1.23,Boric,9.7,25,0.28,82.5,8.249
145,1,BnOH,285,1.23,Pyrophosphate,9.04,25,0.021,35.244,10.816
145,2,BnOH,285,1.23,Pyrophosphate,9.04,25,0.021,35.244,3.028
145,3,BnOH,285,1.23,Pyrophosphate,9.04,25,0.021,35.244,0.865
145,4,BnOH,285,1.23,Pyrophosphate,9.04,25,0.021,35.244,0.216
145,5,BnOH,285,1.23,Pyrophosphate,9.04,25,0.021,24.964,10.816
145,6,BnOH,285,1.23,Pyrophosphate,9.04,25,0.021,14.685,10.816
145,7,BnOH,285,1.23,Pyrophosphate,9.04,25,0.021,5.14,10.816
10,1,4OMe-BnOH,300,7.53,Phosphate,5.87,25,0.273,82.5,1.85
10,2,4OMe-BnOH,300,7.53,Phosphate,5.87,25,0.273,82.5,3.7
10,3,4OMe-BnOH,300,7.53,Phosphate,5.87,25,0.273,82.5,5.549
10,4,4OMe-BnOH,300,7.53,Phosphate,5.87,25,0.273,82.5,7.399
7,1,4OMe-BnOH,300,7.53,Phosphate,6.71,25,0.175,82.5,1.505
7,2,4OMe-BnOH,300,7.53,Phosphate,6.71,25,0.175,82.5,3.011
7,3,4OMe-BnOH,300,7.53,Phosphate,6.71,25,0.175,82.5,4.516
7,4,4OMe-BnOH,300,7.53,Phosphate,6.71,25,0.175,82.5,6.022
69,1,BnOH,285,1.23,Phosphate,8.01,25,0.0,122.426,2.108
69,2,BnOH,285,1.23,Phosphate,8.01,25,0.0,122.426,1.054
69,3,BnOH,285,1.23,Phosphate,8.01,25,0.0,122.426,0.422
69,4,BnOH,285,1.23,Phosphate,8.01,25,0.0,122.426,0.211
6,1,BnOH,285,1.23,Phosphate,6.71,25,0.0,165.0,3.665
6,2,BnOH,285,1.23,Phosphate,6.71,25,0.0,165.0,5.498
6,3,BnOH,285,1.23,Phosphate,6.71,25,0.0,165.0,7.331
6,4,BnOH,285,1.23,Phosphate,6.71,25,0.0,165.0,9.163
78,1,BnOH,285,1.23,Carbonate,9.4,25,0.014,122.426,6.325
78,2,BnOH,285,1.23,Carbonate,9.4,25,0.014,122.426,3.163
78,3,BnOH,285,1.23,Carbonate,9.4,25,0.014,122.426,1.265
78,4,BnOH,285,1.23,Carbonate,9.4,25,0.014,122.426,0.316
48,1,4OMe-BnOH,300,7.53,Boric,9.51,25,0.27,82.5,1.529
48,2,4OMe-BnOH,300,7.53,Boric,9.51,25,0.27,82.5,3.057
48,3,4OMe-BnOH,300,7.53,Boric,9.51,25,0.27,82.5,4.586
48,4,4OMe-BnOH,300,7.53,Boric,9.51,25,0.27,82.5,6.114
16,1,4OMe-BnOH,300,7.53,Phosphate,7.0,40,0.241,82.5,1.85
16,2,4OMe-BnOH,300,7.53,Phosphate,7.0,40,0.241,82.5,3.7
16,3,4OMe-BnOH,300,7.53,Phosphate,7.0,40,0.241,82.5,5.549
16,4,4OMe-BnOH,300,7.53,Phosphate,7.0,40,0.241,82.5,7.399
137,1,BnOH,285,1.23,Pyrophosphate,7.53,25,0.034,73.424,10.816
137,2,BnOH,285,1.23,Pyrophosphate,7.53,25,0.034,73.424,3.028
137,3,BnOH,285,1.23,Pyrophosphate,7.53,25,0.034,73.424,0.865
137,4,BnOH,285,1.23,Pyrophosphate,7.53,25,0.034,73.424,0.216
137,5,BnOH,285,1.23,Pyrophosphate,7.53,25,0.034,36.712,10.816
137,6,BnOH,285,1.23,Pyrophosphate,7.53,25,0.034,7.342,10.816
137,7,BnOH,285,1.23,Pyrophosphate,7.53,25,0.034,3.671,10.816
15,1,4OMe-BnOH,300,7.53,Phosphate,7.0,35,0.273,82.5,1.85
15,2,4OMe-BnOH,300,7.53,Phosphate,7.0,35,0.273,82.5,3.7
15,3,4OMe-BnOH,300,7.53,Phosphate,7.0,35,0.273,82.5,5.549
15,4,4OMe-BnOH,300,7.53,Phosphate,7.0,35,0.273,82.5,7.399
136,1,BnOH,285,1.23,Pyrophosphate,6.95,25,0.034,73.424,10.816
136,2,BnOH,285,1.23,Pyrophosphate,6.95,25,0.034,73.424,3.028
136,3,BnOH,285,1.23,Pyrophosphate,6.95,25,0.034,73.424,0.865
136,4,BnOH,285,1.23,Pyrophosphate,6.95,25,0.034,73.424,0.216
136,5,BnOH,285,1.23,Pyrophosphate,6.95,25,0.034,36.712,10.816
136,6,BnOH,285,1.23,Pyrophosphate,6.95,25,0.034,7.342,10.816
136,7,BnOH,285,1.23,Pyrophosphate,6.95,25,0.034,3.671,10.816
32,1,4OMe-BnOH,300,7.53,Phosphate,7.0,40,0.241,82.5,8.251
32,2,4OMe-BnOH,300,7.53,Phosphate,7.0,40,0.241,82.5,8.251
32,3,4OMe-BnOH,300,7.53,Phosphate,7.0,40,0.241,82.5,8.251
32,4,4OMe-BnOH,300,7.53,Phosphate,7.0,40,0.241,82.5,8.251
80,1,BnOH,285,1.23,Carbonate,9.4,25,0.0,122.426,6.325
80,2,BnOH,285,1.23,Carbonate,9.4,25,0.0,122.426,3.163
80,3,BnOH,285,1.23,Carbonate,9.4,25,0.0,122.426,1.265
80,4,BnOH,285,1.23,Carbonate,9.4,25,0.0,122.426,0.316
4,1,4OMe-BnOH,300,7.53,Phosphate,6.71,25,0.175,82.5,1.614
4,2,4OMe-BnOH,300,7.53,Phosphate,6.71,25,0.175,82.5,3.228
4,3,4OMe-BnOH,300,7.53,Phosphate,6.71,25,0.175,82.5,4.842
4,4,4OMe-BnOH,300,7.53,Phosphate,6.71,25,0.175,82.5,6.456
40,1,4OMe-BnOH,300,7.53,Phosphate,6.97,25,0.0,82.5,0.048
40,2,4OMe-BnOH,300,7.53,Phosphate,6.97,25,0.0,82.5,0.095
40,3,4OMe-BnOH,300,7.53,Phosphate,6.97,25,0.0,82.5,0.143
40,4,4OMe-BnOH,300,7.53,Phosphate,6.97,25,0.0,82.5,0.191
84,1,4OMe-BnOH,300,7.53,Phosphate,7.5,25,0.017,122.426,14.297
127,1,4OMe-BnOH,300,7.53,Pyrophosphate,7.29,25,0.032,195.882,9.47
127,2,4OMe-BnOH,300,7.53,Pyrophosphate,7.29,25,0.032,195.882,9.47
127,3,4OMe-BnOH,300,7.53,Pyrophosphate,7.29,25,0.032,3.879,9.47
127,4,4OMe-BnOH,300,7.53,Pyrophosphate,7.29,25,0.032,3.879,9.47
22,1,4OMe-BnOH,300,7.53,Phosphate,6.5,25,0.241,82.5,1.85
22,2,4OMe-BnOH,300,7.53,Phosphate,6.5,25,0.241,82.5,3.7
22,3,4OMe-BnOH,300,7.53,Phosphate,6.5,25,0.241,82.5,5.549
22,4,4OMe-BnOH,300,7.53,Phosphate,6.5,25,0.241,82.5,7.399
