experiment,substrate,buffer,pH,T,has_enzyme,n_samples,abs_nm,e_declared,abs_nm_sheet,e_sheet,design,buf_provenance,status,exclude_reason,accepted_deviations,accepted_deviation_reason,provenance,open_questions,xls_file,notes
2,4OMe-BnOH,Phosphate,6.71,25.0,True,4,300.0,7.53,285.0,7.53,volume,assumed,use,,,,pH=filename;T=filename;substrate=filename;buffer=filename;has_enzyme=filename;abs_nm=ruling,,mads_t002_t=25_pH=6.71_Phosphat_4OMe-BnOH_with_E.xls,"abs_nm: sheet declares 285 nm; ruled 300 nm on 2026-08-30. The early series alternates BnOH and 4OMe runs (t001 BnOH 285/1.23, t002 4OMe 285/7.53, t003 BnOH 285/1.23, ...), so the 4OMe workbooks were copied from the BnOH one with the substrate and e changed and the abs [nm] cell left at 285. The cell is corrected to 300 at t011 and stays 300 for every later 4OMe run, while e stays 7.53 across that boundary -- had the instrument really been retuned, e would have had to change with it, which is exactly what exps 57/58 do (285 nm paired with e = 1.59). No concentration is affected either way here, since sheet and dataset agree on e = 7.53. Not directly confirmable: the .txt instrument export records batch, date, data mode and smoothing but not the wavelength, and conversion stays under 1%, so no internal consistency test has any power."
4,4OMe-BnOH,Phosphate,6.71,25.0,True,4,300.0,7.53,285.0,7.53,volume,assumed,use,,,,pH=filename;T=filename;substrate=filename;buffer=filename;has_enzyme=filename;abs_nm=ruling,,mads_t004_t=25_pH=6.71_Phosphat_4OMe-BnOH_with_E.xls,"abs_nm: sheet declares 285 nm; ruled 300 nm on 2026-08-30. The early series alternates BnOH and 4OMe runs (t001 BnOH 285/1.23, t002 4OMe 285/7.53, t003 BnOH 285/1.23, ...), so the 4OMe workbooks were copied from the BnOH one with the substrate and e changed and the abs [nm] cell left at 285. The cell is corrected to 300 at t011 and stays 300 for every later 4OMe run, while e stays 7.53 across that boundary -- had the instrument really been retuned, e would have had to change with it, which is exactly what exps 57/58 do (285 nm paired with e = 1.59). No concentration is affected either way here, since sheet and dataset agree on e = 7.53. Not directly confirmable: the .txt instrument export records batch, date, data mode and smoothing but not the wavelength, and conversion stays under 1%, so no internal consistency test has any power."
5,4OMe-BnOH,Phosphate,6.71,25.0,True,4,300.0,7.53,285.0,7.53,volume,assumed,use,,,,pH=filename;T=filename;substrate=filename;buffer=filename;has_enzyme=filename;abs_nm=ruling,,mads_t005_t=25_pH=6.71_Phosphat_4OMe-BnOH_with_E.xls,"abs_nm: sheet declares 285 nm; ruled 300 nm on 2026-08-30. The early series alternates BnOH and 4OMe runs (t001 BnOH 285/1.23, t002 4OMe 285/7.53, t003 BnOH 285/1.23, ...), so the 4OMe workbooks were copied from the BnOH one with the substrate and e changed and the abs [nm] cell left at 285. The cell is corrected to 300 at t011 and stays 300 for every later 4OMe run, while e stays 7.53 across that boundary -- had the instrument really been retuned, e would have had to change with it, which is exactly what exps 57/58 do (285 nm paired with e = 1.59). No concentration is affected either way here, since sheet and dataset agree on e = 7.53. Not directly confirmable: the .txt instrument export records batch, date, data mode and smoothing but not the wavelength, and conversion stays under 1%, so no internal consistency test has any power."
6,BnOH,Phosphate,6.71,25.0,False,4,285.0,1.23,285.0,1.23,volume,assumed,use,,,,pH=filename;T=filename;substrate=filename;buffer=filename;has_enzyme=folder,,mads_t006_t=25_pH=6.71_Phosphat_BnOH_no_E.xls,
7,4OMe-BnOH,Phosphate,6.71,25.0,True,4,300.0,7.53,285.0,7.53,volume,assumed,use,,,,pH=filename;T=filename;substrate=filename;buffer=filename;has_enzyme=filename;abs_nm=ruling,,mads_t007_t=25_pH=6.71_Phosphat_4OMe-BnOH_with_E.xls,"abs_nm: sheet declares 285 nm; ruled 300 nm on 2026-08-30. The early series alternates BnOH and 4OMe runs (t001 BnOH 285/1.23, t002 4OMe 285/7.53, t003 BnOH 285/1.23, ...), so the 4OMe workbooks were copied from the BnOH one with the substrate and e changed and the abs [nm] cell left at 285. The cell is corrected to 300 at t011 and stays 300 for every later 4OMe run, while e stays 7.53 across that boundary -- had the instrument really been retuned, e would have had to change with it, which is exactly what exps 57/58 do (285 nm paired with e = 1.59). No concentration is affected either way here, since sheet and dataset agree on e = 7.53. Not directly confirmable: the .txt instrument export records batch, date, data mode and smoothing but not the wavelength, and conversion stays under 1%, so no internal consistency test has any power."
8,4OMe-BnOH,Phosphate,8.01,25.0,True,4,300.0,7.53,285.0,7.53,volume,assumed,use,,,,pH=filename;T=filename;substrate=filename;buffer=filename;has_enzyme=filename;abs_nm=ruling,,mads_t008_t=25_pH=8.01_Phosphat_4OMe-BnOH_with_E.xls,"abs_nm: sheet declares 285 nm; ruled 300 nm on 2026-08-30. The early series alternates BnOH and 4OMe runs (t001 BnOH 285/1.23, t002 4OMe 285/7.53, t003 BnOH 285/1.23, ...), so the 4OMe workbooks were copied from the BnOH one with the substrate and e changed and the abs [nm] cell left at 285. The cell is corrected to 300 at t011 and stays 300 for every later 4OMe run, while e stays 7.53 across that boundary -- had the instrument really been retuned, e would have had to change with it, which is exactly what exps 57/58 do (285 nm paired with e = 1.59). No concentration is affected either way here, since sheet and dataset agree on e = 7.53. Not directly confirmable: the .txt instrument export records batch, date, data mode and smoothing but not the wavelength, and conversion stays under 1%, so no internal consistency test has any power."
9,4OMe-BnOH,Phosphate,5.67,25.0,True,4,300.0,7.53,285.0,7.53,volume,assumed,use,,,,pH=ruling;T=filename;substrate=filename;buffer=filename;has_enzyme=filename;abs_nm=ruling,,mads_t009_t=25_pH=5.64_Phosphat_4OMe-BnOH_with_E.xls,"abs_nm: sheet declares 285 nm; ruled 300 nm on 2026-08-30. The early series alternates BnOH and 4OMe runs (t001 BnOH 285/1.23, t002 4OMe 285/7.53, t003 BnOH 285/1.23, ...), so the 4OMe workbooks were copied from the BnOH one with the substrate and e changed and the abs [nm] cell left at 285. The cell is corrected to 300 at t011 and stays 300 for every later 4OMe run, while e stays 7.53 across that boundary -- had the instrument really been retuned, e would have had to change with it, which is exactly what exps 57/58 do (285 nm paired with e = 1.59). No concentration is affected either way here, since sheet and dataset agree on e = 7.53. Not directly confirmable: the .txt instrument export records batch, date, data mode and smoothing but not the wavelength, and conversion stays under 1%, so no internal consistency test has any power. | pH: filename says 5.64; ruled to the sheet's 5.67 on 2026-08-30. The sheet carries the reading taken on the day and the filename is typed from it. The dataset already held the sheet value, so no number changes."
10,4OMe-BnOH,Phosphate,5.87,25.0,True,4,300.0,7.53,285.0,7.53,volume,assumed,use,,,,pH=filename;T=filename;substrate=filename;buffer=filename;has_enzyme=filename;abs_nm=ruling,,mads_t010_t=25_pH=5.87_Phosphat_4OMe-BnOH_with_E.xls,"abs_nm: sheet declares 285 nm; ruled 300 nm on 2026-08-30. The early series alternates BnOH and 4OMe runs (t001 BnOH 285/1.23, t002 4OMe 285/7.53, t003 BnOH 285/1.23, ...), so the 4OMe workbooks were copied from the BnOH one with the substrate and e changed and the abs [nm] cell left at 285. The cell is corrected to 300 at t011 and stays 300 for every later 4OMe run, while e stays 7.53 across that boundary -- had the instrument really been retuned, e would have had to change with it, which is exactly what exps 57/58 do (285 nm paired with e = 1.59). No concentration is affected either way here, since sheet and dataset agree on e = 7.53. Not directly confirmable: the .txt instrument export records batch, date, data mode and smoothing but not the wavelength, and conversion stays under 1%, so no internal consistency test has any power."
11,4OMe-BnOH,Phosphate,5.64,25.0,True,4,300.0,7.53,300.0,7.53,volume,assumed,use,,,,pH=filename;T=filename;substrate=filename;buffer=filename;has_enzyme=filename,,mads_t011_t=25_pH=5.64_Phosphat_4OMe-BnOH_with_E.xls,
12,4OMe-BnOH,Phosphate,8.95,25.0,True,4,300.0,7.53,300.0,7.53,volume,assumed,use,,,,pH=filename;T=filename;substrate=filename;buffer=filename;has_enzyme=filename,,mads_t012_t=25_pH=8.95_Phosphat_4OMe-BnOH_with_E.xls,
13,4OMe-BnOH,Boric,9.5,25.0,True,4,300.0,7.53,300.0,7.53,volume,sheet-recipe,use,,,,pH=filename;T=filename;substrate=filename;buffer=filename;has_enzyme=filename,,mads_t013_t=25_pH=9.5_Boric acid_4OMe-BnOH_with_E.xls,buffer recipe: The Buffer was prepeared by mixing 0.0699g NaBH4 with 0.1964 g B(OH)3 in 0.05 l water and the pH was adjusted with a NaOH solution.
14,4OMe-BnOH,Phosphate,7.0,25.0,True,4,300.0,7.53,300.0,7.53,volume,assumed,use,,,,pH=filename;T=filename;substrate=filename;buffer=filename;has_enzyme=filename,,mads_t014_t=25_pH=7.00_Phosphat_4OMe-BnOH_with_E.xls,
15,4OMe-BnOH,Phosphate,7.0,35.0,True,4,300.0,7.53,300.0,7.53,volume,assumed,use,,,,pH=filename;T=filename;substrate=filename;buffer=filename;has_enzyme=filename,,mads_t015_t=35_pH=7.00_Phosphat_4OMe-BnOH_with_E.xls,
16,4OMe-BnOH,Phosphate,7.0,40.0,True,4,300.0,7.53,300.0,7.53,volume,assumed,use,,,,pH=filename;T=filename;substrate=filename;buffer=filename;has_enzyme=filename,,mads_t016_t=40_pH=7.00_Phosphat_4OMe-BnOH_with_E.xls,
17,4OMe-BnOH,Phosphate,7.0,30.0,True,4,300.0,7.53,300.0,7.53,volume,assumed,use,,,,pH=filename;T=filename;substrate=filename;buffer=filename;has_enzyme=filename,,mads_t017_t=30_pH=7.00_Phosphat_4OMe-BnOH_with_E.xls,
18,4OMe-BnOH,Phosphate,7.0,20.0,True,4,300.0,7.53,300.0,7.53,volume,assumed,use,,,,pH=filename;T=filename;substrate=filename;buffer=filename;has_enzyme=filename,,mads_t018_t=20_pH=7.00_Phosphat_4OMe-BnOH_with_E.xls,
19,4OMe-BnOH,Phosphate,7.0,15.0,True,4,300.0,7.53,300.0,7.53,volume,assumed,use,,,,pH=filename;T=filename;substrate=filename;buffer=filename;has_enzyme=filename,,mads_t019_t=15_pH=7.00_Phosphat_4OMe-BnOH_with_E.xls,
20,4OMe-BnOH,Phosphate,7.5,25.0,True,4,300.0,7.53,300.0,7.53,volume,assumed,use,,,,pH=filename;T=filename;substrate=filename;buffer=filename;has_enzyme=filename,,mads_t020_t=25_pH=7.50_Phosphat_4OMe-BnOH_with_E.xls,
21,4OMe-BnOH,Phosphate,8.5,25.0,True,4,300.0,7.53,300.0,7.53,volume,assumed,use,,,,pH=filename;T=filename;substrate=filename;buffer=filename;has_enzyme=filename,,mads_t021_t=25_pH=8.50_Phosphat_4OMe-BnOH_with_E.xls,
22,4OMe-BnOH,Phosphate,6.5,25.0,True,4,300.0,7.53,300.0,7.53,volume,assumed,use,,,,pH=filename;T=filename;substrate=filename;buffer=filename;has_enzyme=filename,,mads_t022_t=25_pH=6.50_Phosphat_4OMe-BnOH_with_E.xls,
23,4OMe-BnOH,Phosphate,7.0,40.0,False,4,300.0,7.53,300.0,7.53,volume,assumed,use,,,,pH=filename;T=filename;substrate=filename;buffer=filename;has_enzyme=folder,,mads_t023_t=40_pH=7.00_Phosphat_4OMe-BnOH_with_NO_E.xls,
24,4OMe-BnOH,Phosphate,7.0,40.0,False,4,300.0,7.53,300.0,7.53,volume,assumed,use,,,,pH=filename;T=filename;substrate=filename;buffer=filename;has_enzyme=folder,,mads_t024_t=40_pH=7.00_Phosphat_4OMe-BnOH_with_NO_E.xls,
25,4OMe-BnOH,Phosphate,7.0,40.0,False,4,300.0,7.53,300.0,7.53,volume,assumed,use,,,,pH=filename;T=filename;substrate=filename;buffer=filename;has_enzyme=folder,,mads_t025_t=40_pH=7.00_Phosphat_4OMe-BnOH_with_NO_E.xls,
26,4OMe-BnOH,Phosphate,7.0,40.0,False,4,300.0,7.53,300.0,7.53,stock,assumed,use,,,,pH=filename;T=filename;substrate=filename;buffer=filename;has_enzyme=folder,,mads_t026_t=40_pH=7.00_Phosphat_4OMe-BnOH_with_NO_E.xls,
27,4OMe-BnOH,Phosphate,7.0,40.0,False,4,300.0,7.53,300.0,7.53,volume,assumed,use,,,,pH=filename;T=filename;substrate=filename;buffer=filename;has_enzyme=folder,,mads_t027_t=40_pH=7.00_Phosphat_4OMe-BnOH_with_NO_E.xls,
28,4OMe-BnOH,Phosphate,7.0,40.0,False,4,300.0,7.53,300.0,7.53,volume,assumed,use,,,,pH=filename;T=filename;substrate=filename;buffer=filename;has_enzyme=folder,,mads_t028_t=40_pH=7.00_Phosphat_4OMe-BnOH_with_NO_E.xls,
29,4OMe-BnOH,Phosphate,7.0,40.0,False,4,300.0,7.53,300.0,7.53,volume,assumed,use,,,,pH=filename;T=filename;substrate=filename;buffer=filename;has_enzyme=folder,,mads_t029_t=40_pH=7.00_Phosphat_4OMe-BnOH_with_NO_E.xls,
30,4OMe-BnOH,Phosphate,7.0,40.0,False,4,300.0,7.53,300.0,7.53,volume,assumed,use,,,,pH=filename;T=filename;substrate=filename;buffer=filename;has_enzyme=folder,,mads_t030_t=40_pH=7.00_Phosphat_4OMe-BnOH_with_NO_E.xls,
31,4OMe-BnOH,Phosphate,7.0,35.0,False,4,300.0,7.53,300.0,7.53,volume,assumed,use,,,,pH=filename;T=filename;substrate=filename;buffer=filename;has_enzyme=folder,,mads_t031_t=35_pH=7.00_Phosphat_4OMe-BnOH_with_NO_E.xls,
32,4OMe-BnOH,Phosphate,7.0,40.0,False,4,300.0,7.53,300.0,7.53,stock,sheet-text,use,,,,pH=filename;T=filename;substrate=extracted;buffer=filename;has_enzyme=folder,,mads_t032_t=40_pH=7.00_Phosphat_0.1_0.2_0.xls,
34,4OMe-BnOH,Phosphate,7.0,40.0,False,4,300.0,7.53,300.0,7.53,stock,sheet-text,use,,,,pH=filename;T=filename;substrate=filename;buffer=filename;has_enzyme=folder,,mads_t034_t=40_pH=7.00_Phosphat_0.05_0.025_0.0125_0.00625_4OMe-BnOH_with_NO_E.xls,
35,4OMe-BnOH,Phosphate,7.5,40.0,False,4,300.0,7.53,300.0,7.53,stock,sheet-text,use,,,,pH=filename;T=filename;substrate=filename;buffer=filename;has_enzyme=folder,,mads_t035_t=40_pH=7.50_Phosphat_0.1_0.2_0.3_0.4_4OMe-BnOH_with_NO_E.xls,
36,4OMe-BnOH,Phosphate,7.53,40.0,False,4,300.0,7.53,300.0,7.53,stock,sheet-text,use,,,,pH=filename;T=filename;substrate=filename;buffer=filename;has_enzyme=folder,,mads_t036_t=40_pH=7.53_Phosphat_0.1_0.2_0.3_0.4_4OMe-BnOH_with_NO_E.xls,
37,4OMe-BnOH,Phosphate,7.53,40.0,False,4,300.0,7.53,300.0,7.53,stock,sheet-text,use,,,,pH=filename;T=filename;substrate=filename;buffer=filename;has_enzyme=folder,,mads_t037_t=40_pH=7.53_Phosphat_0.1_0.2_0.3_0.4_4OMe-BnOH_with_NO_E.xls,
38,4OMe-BnOH,Phosphate,7.0,40.0,False,3,300.0,7.53,300.0,7.53,volume,assumed,use,,,,pH=ruling;T=filename;substrate=filename;buffer=filename;has_enzyme=folder,,mads_t038_t=40_pH=6.97_Phosphat_4OMe-BnOH_with_NO_E.xls,"pH: filename says 6.97; ruled to the sheet's 7.0 on 2026-08-30. The sheet carries the reading taken on the day and the filename is typed from it. The dataset already held the sheet value, so no number changes."
39,4OMe-BnOH,Phosphate,6.97,40.0,False,4,300.0,7.53,300.0,7.53,volume,assumed,use,,,,pH=filename;T=filename;substrate=filename;buffer=filename;has_enzyme=folder,,mads_t039_t=40_pH=6.97_Phosphat_4OMe-BnOH_with_NO_E.xls,
40,4OMe-BnOH,Phosphate,6.97,25.0,False,4,300.0,7.53,300.0,7.53,volume,assumed,use,,,,pH=filename;T=filename;substrate=filename;buffer=filename;has_enzyme=folder,,mads_t040_t=25_pH=6.97_Phosphat_4OMe-BnOH_with_NO_E.xls,
41,4OMe-BnOH,Boric,8.46,25.0,True,4,300.0,7.53,300.0,7.53,volume,filename,use,,,,pH=filename;T=filename;substrate=filename;buffer=filename;has_enzyme=filename,,mads_t041_t=25_pH=8.46_B(OH)3_0.1M_4OMe-BnOH_with_E.xls,
42,4OMe-BnOH,Boric,8.98,25.0,True,4,300.0,7.53,300.0,7.53,volume,filename,use,,,,pH=filename;T=filename;substrate=filename;buffer=filename;has_enzyme=filename,,mads_t042_t=25_pH=8.98_B(OH)3_0.1M_4OMe-BnOH_with_E.xls,
43,4OMe-BnOH,Boric,9.5,25.0,True,4,300.0,7.53,300.0,7.53,volume,filename,use,,,,pH=filename;T=filename;substrate=filename;buffer=filename;has_enzyme=filename,,mads_t043_t=25_pH=9.50_B(OH)3_0.1M_4OMe-BnOH_with_E.xls,
44,4OMe-BnOH,Boric,10.07,25.0,True,4,300.0,7.53,300.0,7.53,volume,filename,use,,,,pH=filename;T=filename;substrate=filename;buffer=filename;has_enzyme=filename,,mads_t044_t=25_pH=10.07_B(OH)3_0.1M_4OMe-BnOH_with_E.xls,
45,4OMe-BnOH,Boric,9.7,25.0,True,4,300.0,7.53,300.0,7.53,volume,filename,use,,,,pH=filename;T=filename;substrate=filename;buffer=filename;has_enzyme=filename,,mads_t045_t=25_pH=9.7_B(OH)3_0.1M_4OMe-BnOH_with_E.xls,
46,4OMe-BnOH,Boric,9.23,25.0,True,4,300.0,7.53,300.0,7.53,volume,filename,use,,,,pH=filename;T=filename;substrate=filename;buffer=filename;has_enzyme=filename,,mads_t046_t=25_pH=9.23_B(OH)3_0.1M_4OMe-BnOH_with_E.xls,
47,4OMe-BnOH,Boric,9.4,25.0,True,4,300.0,7.53,300.0,7.53,volume,filename,use,,,,pH=filename;T=filename;substrate=filename;buffer=filename;has_enzyme=filename,,mads_t047_t=25_pH=9.40_B(OH)3_0.1M_4OMe-BnOH_with_E.xls,
48,4OMe-BnOH,Boric,9.51,25.0,True,4,300.0,7.53,300.0,7.53,volume,filename,use,,,,pH=filename;T=filename;substrate=filename;buffer=filename;has_enzyme=filename,,mads_t048_t=25_pH=9.51_B(OH)3_0.1M_4OMe-BnOH_with_E.xls,
49,4OMe-BnOH,Boric,10.34,25.0,True,4,300.0,7.53,300.0,7.53,volume,filename,use,,,,pH=filename;T=filename;substrate=filename;buffer=filename;has_enzyme=filename,,mads_t049_t=25_pH=10.34_B(OH)3_0.1M_4OMe-BnOH_with_E.xls,
50,BnOH,Boric,9.7,25.0,True,4,285.0,1.23,285.0,1.23,volume,filename,use,,,,pH=filename;T=filename;substrate=filename;buffer=filename;has_enzyme=filename,,mads_t050_t=25_pH=9.70_B(OH)3_0.1M_BnOH_with_E.xls,
51,BnOH,Boric,9.01,25.0,True,4,285.0,1.23,285.0,1.23,volume,filename,use,,,,pH=filename;T=filename;substrate=filename;buffer=filename;has_enzyme=filename,,mads_t051_t=25_pH=9.01_B(OH)3_0.1M_BnOH_with_E.xls,
52,4OMe-BnOH,Phosphate,7.5,25.0,False,4,300.0,7.53,300.0,7.53,volume,assumed,use,,,,pH=filename;T=filename;substrate=filename;buffer=filename;has_enzyme=folder,,mads_t052_t=25_pH=7.5_Phosphat_4OMe-BnOH_with_NO_E.xls,
55,BnOH,Boric,9.7,25.0,True,4,285.0,1.23,285.0,1.23,volume,filename,use,,,,pH=filename;T=filename;substrate=filename;buffer=filename;has_enzyme=filename,,mads_t055_t=25_pH=9.7_B(OH)3_0.1M_BnOH_with_E.xls,
57,4OMe-BnOH,Carbonate,9.48,25.0,True,4,300.0,7.53,285.0,1.59,volume,filename,exclude,"[sub] is not recoverable: the workbook was copied from t056, a 4-brom-BnOH run, and the whole substrate stock block came with it. The compound was 4OMe-BnOH (ruled 2026-08-30), so a fresh stock must have been weighed, and the sheet records t056's instead -- 0.3511 g in 0.1 L, matching t056 to four digits, which no independent weighing would. No earlier 4OMe preparation matches those numbers either. Rescaling by 187.03/138.17 assumes only the molar mass was stale, which is the one assumption the evidence argues against, so the concentration is unknown rather than merely wrong",,,pH=filename;T=filename;substrate=filename;buffer=filename;has_enzyme=filename;abs_nm=ruling;e_declared=ruling,,mads_t057_t=25_pH=9.48_CO3_0.1M_4-MeOH-BnOH_with_E.xls,"abs_nm: sheet declares 285 nm, paired with e = 1.59; ruled to the 4OMe-BnOH convention on 2026-08-30. The workbook was copied from t056, a 4-brom-BnOH run, with the substrate label and the filename changed and the stock block and optics left behind: the stock (0.3511 g / 0.1 L) and the molar mass (187.03) are byte-identical to t056's, and e = 1.59 is the 4-bromo convention. The stale M = 187.03 made every [sub] low by 187.03/138.17 = 1.3536x, corrected in kinetics_io by CONCENTRATION_RESCALINGS. | e_declared: sheet declares e = 1.59; ruled to the 4OMe-BnOH convention on 2026-08-30. The workbook was copied from t056, a 4-brom-BnOH run, with the substrate label and the filename changed and the stock block and optics left behind: the stock (0.3511 g / 0.1 L) and the molar mass (187.03) are byte-identical to t056's, and e = 1.59 is the 4-bromo convention. The stale M = 187.03 made every [sub] low by 187.03/138.17 = 1.3536x, corrected in kinetics_io by CONCENTRATION_RESCALINGS."
58,4OMe-BnOH,Carbonate,9.48,25.0,True,4,300.0,7.53,285.0,1.59,volume,filename,exclude,reaction-direction: whole experiment runs backwards,,,pH=filename;T=filename;substrate=filename;buffer=filename;has_enzyme=filename;abs_nm=ruling;e_declared=ruling,,mads_t058_t=25_pH=9.48_CO3_0.1M_4-MeOH-BnOH_with_E.xls,"abs_nm: sheet declares 285 nm, paired with e = 1.59; ruled to the 4OMe-BnOH convention on 2026-08-30. The workbook was copied from t056, a 4-brom-BnOH run, with the substrate label and the filename changed and the stock block and optics left behind: the stock (0.3511 g / 0.1 L) and the molar mass (187.03) are byte-identical to t056's, and e = 1.59 is the 4-bromo convention. The stale M = 187.03 made every [sub] low by 187.03/138.17 = 1.3536x, corrected in kinetics_io by CONCENTRATION_RESCALINGS. | e_declared: sheet declares e = 1.59; ruled to the 4OMe-BnOH convention on 2026-08-30. The workbook was copied from t056, a 4-brom-BnOH run, with the substrate label and the filename changed and the stock block and optics left behind: the stock (0.3511 g / 0.1 L) and the molar mass (187.03) are byte-identical to t056's, and e = 1.59 is the 4-bromo convention. The stale M = 187.03 made every [sub] low by 187.03/138.17 = 1.3536x, corrected in kinetics_io by CONCENTRATION_RESCALINGS."
59,BnOH,Boric,8.51,25.0,True,4,285.0,1.23,285.0,1.23,volume,filename,use,,,,pH=filename;T=filename;substrate=filename;buffer=filename;has_enzyme=filename,,mads_t059_t=25_pH=8.51_Boric_acid_0.1M_BnOH_with_E.xls,
60,BnOH,Boric,8.51,25.0,True,4,285.0,1.23,285.0,1.23,volume,filename,use,,,,pH=filename;T=filename;substrate=filename;buffer=filename;has_enzyme=filename,,mads_t060_t=25_pH=8.51_Boric_acid_0.1M_BnOH_with_E.xls,
61,BnOH,Boric,8.75,25.0,True,4,285.0,1.23,285.0,1.23,volume,filename,use,,,,pH=filename;T=filename;substrate=filename;buffer=filename;has_enzyme=filename,,mads_t061_t=25_pH=8.75_Boric_acid_0.1M_BnOH_with_E.xls,
62,BnOH,Boric,9.0,25.0,True,4,285.0,1.23,285.0,1.23,volume,filename,use,,,,pH=filename;T=filename;substrate=filename;buffer=filename;has_enzyme=filename,,mads_t062_t=25_pH=9.00_Boric_acid_0.1M_BnOH_with_E.xls,
65,BnOH,Boric,8.51,25.0,False,4,285.0,1.23,285.0,1.23,volume,declared,use,,,,pH=filename;T=filename;substrate=filename;buffer=filename;has_enzyme=folder,,mads_t065_t=25_pH=8.51_Boric_acid_0.1M_BnOH_no_E_H2O2_122.xls,
66,BnOH,Boric,8.51,25.0,True,4,285.0,1.23,285.0,1.23,stock,declared,use,,,,pH=filename;T=filename;substrate=filename;buffer=filename;has_enzyme=filename,,mads_t066_t=25_pH=8.51_Boric_acid_0.1M_BnOH_with_E_H2O2_122.xls,
67,BnOH,Phosphate,8.01,25.0,False,4,285.0,1.23,285.0,1.23,stock,declared,use,,,,pH=filename;T=filename;substrate=filename;buffer=filename;has_enzyme=folder,,mads_t067_t=25_pH=8.01_phosphate_0.1M_BnOH_no_E_H2O2_122.xls,
68,BnOH,Phosphate,8.01,25.0,True,4,285.0,1.23,285.0,1.23,stock,declared,use,,,,pH=filename;T=filename;substrate=filename;buffer=filename;has_enzyme=filename,,mads_t068_t=25_pH=8.01_phosphate_0.1M_BnOH_with_E_H2O2_122.xls,
69,BnOH,Phosphate,8.01,25.0,False,4,285.0,1.23,285.0,1.23,stock,declared,use,,,,pH=filename;T=filename;substrate=filename;buffer=filename;has_enzyme=folder,,mads_t069_t=25_pH=8.01_phosphate_0.1M_BnOH_no_E_H2O2_122.xls,
70,BnOH,Phosphate,8.01,25.0,False,4,285.0,1.23,285.0,1.23,stock,declared,use,,,,pH=filename;T=filename;substrate=filename;buffer=filename;has_enzyme=folder,,mads_t070_t=25_pH=8.01_phosphate_0.1M_BnOH_no_E_H2O2_122.xls,
71,BnOH,Phosphate,8.01,25.0,True,4,285.0,1.23,285.0,1.23,stock,declared,use,,,,pH=filename;T=filename;substrate=filename;buffer=filename;has_enzyme=filename,,mads_t071_t=25_pH=8.01_phosphate_0.1M_BnOH_with_E_H2O2_122.xls,
72,BnOH,Phosphate,7.0,25.0,True,4,285.0,1.23,285.0,1.23,stock,declared,exclude,flat progress curves in every sample; same-day sibling 71 normal,,,pH=filename;T=filename;substrate=filename;buffer=filename;has_enzyme=filename,,mads_t072_t=25_pH=7.0_phosphate_0.1M_BnOH_with_E_H2O2_122.xls,
73,BnOH,Phosphate,7.5,25.0,True,4,285.0,1.23,285.0,1.23,stock,declared,use,,,,pH=filename;T=filename;substrate=filename;buffer=filename;has_enzyme=filename,,mads_t073_t=25_pH=7.5_phosphate_0.1M_BnOH_with_E_H2O2_122.xls,
74,BnOH,Phosphate,8.0,25.0,True,4,285.0,1.23,285.0,1.23,stock,declared,use,,,,pH=filename;T=filename;substrate=filename;buffer=filename;has_enzyme=filename,,mads_t074_t=25_pH=8.00_phosphate_0.1M_BnOH_with_E_H2O2_122.xls,
75,BnOH,Pyrophosphate,8.5,25.0,True,4,285.0,1.23,285.0,1.23,stock,declared,use,,,,pH=filename;T=filename;substrate=filename;buffer=filename;has_enzyme=filename,,mads_t075_t=25_pH=8.50_pyrophosphate_0.1M_BnOH_with_E_H2O2_122.xls,
76,BnOH,Pyrophosphate,9.02,25.0,True,4,285.0,1.23,285.0,1.23,stock,declared,use,,,,pH=filename;T=filename;substrate=filename;buffer=filename;has_enzyme=filename,,mads_t076_t=25_pH=9.02_pyrophosphate_0.1M_BnOH_with_E_H2O2_122.xls,
77,BnOH,Carbonate,9.5,25.0,True,4,285.0,1.23,285.0,1.23,stock,declared,exclude,reaction-direction: whole experiment runs backwards,,,pH=filename;T=filename;substrate=filename;buffer=filename;has_enzyme=filename,,mads_t077_t=25_pH=9.5_carbonate_0.1M_BnOH_with_E_H2O2_122.xls,
78,BnOH,Carbonate,9.4,25.0,True,4,285.0,1.23,285.0,1.23,stock,declared,exclude,reaction-direction: whole experiment runs backwards,,,pH=filename;T=filename;substrate=filename;buffer=filename;has_enzyme=filename,,mads_t078_t=25_pH=9.4_carbonate_0.1M_BnOH_with_E_H2O2_122.xls,
79,BnOH,Carbonate,9.4,25.0,True,4,285.0,1.23,285.0,1.23,stock,declared,exclude,reaction-direction: whole experiment runs backwards,block,"[enz] is deliberately taken from the sheet's header block rather than from its cuvette table. The table's '[Enz] mmol/l' column holds 0.000001 in every measured row -- a broken formula roughly 14,000x too low -- while the header block's 'kuv' row gives 0.01399 (exp 79) / 0.027981 (exp 80), which agrees with the recorded volumes and the enzyme stock. The deep check reads the table, so it necessarily disagrees here. Ruled 2026-08-30, see DATA_VERIFICATION.md.",pH=filename;T=filename;substrate=filename;buffer=filename;has_enzyme=ruling,,mads_t079_t=25_pH=9.4_carbonate_0.1M_BnOH_with_E_H2O2_122.xls,"has_enzyme: extraction said no enzyme; ruled an enzyme run on 2026-08-30. The cuvette table carries only 'Enz [ml]' and no '[Enz] mmol/l' column, so the extraction fell through to its zero default. The sheet's header block declares the cuvette concentration on the 'kuv' row and it agrees with the volumes. Corrected in kinetics_io.EXPERIMENT_CORRECTIONS."
80,BnOH,Carbonate,9.4,25.0,True,4,285.0,1.23,285.0,1.23,stock,declared,use,,block,"[enz] is deliberately taken from the sheet's header block rather than from its cuvette table. The table's '[Enz] mmol/l' column holds 0.000001 in every measured row -- a broken formula roughly 14,000x too low -- while the header block's 'kuv' row gives 0.01399 (exp 79) / 0.027981 (exp 80), which agrees with the recorded volumes and the enzyme stock. The deep check reads the table, so it necessarily disagrees here. Ruled 2026-08-30, see DATA_VERIFICATION.md.",pH=filename;T=filename;substrate=filename;buffer=filename;has_enzyme=ruling,,mads_t080_t=25_pH=9.4_carbonate_0.1M_BnOH_with_E_H2O2_122.xls,"has_enzyme: extraction said no enzyme; ruled an enzyme run on 2026-08-30. The cuvette table carries only 'Enz [ml]' and no '[Enz] mmol/l' column, so the extraction fell through to its zero default. The sheet's header block declares the cuvette concentration on the 'kuv' row and it agrees with the volumes. Corrected in kinetics_io.EXPERIMENT_CORRECTIONS."
82,BnOH,Phosphate,7.5,25.0,True,4,285.0,1.23,285.0,1.23,stock,declared,exclude,flat progress curves in every sample; same-day sibling 83 normal,,,pH=filename;T=filename;substrate=filename;buffer=filename;has_enzyme=filename,,mads_t082_t=25_pH=7.5_phosphate_0.1M_BnOH_with_E_H2O2_122.xls,
83,BnOH,Phosphate,7.5,25.0,True,4,285.0,1.23,285.0,1.23,stock,declared,use,,,,pH=filename;T=filename;substrate=filename;buffer=filename;has_enzyme=filename,,mads_t083_t=25_pH=7.5_phosphate_0.1M_BnOH_with_E_H2O2_122.xls,
84,4OMe-BnOH,Phosphate,7.5,25.0,True,1,300.0,7.53,300.0,7.53,stock,declared,exclude,hand-sorted into data/Mads/'bad data',,,pH=filename;T=filename;substrate=ruling;buffer=filename;has_enzyme=filename,,mads_t084_t=25_pH=7.5_phosphate_0.1M_BnOH_with_E_H2O2_122.xls,"substrate: filename says BnOH; ruled 4OMe-BnOH on 2026-08-30. The sheet's stock block is labelled '4-MeO-BnOH [g]' and computes from M = 138.17 g/mol (4-methoxybenzyl alcohol; benzyl alcohol is 108.14), so every concentration already assumes 4OMe; the method string reads '1h_kcat(4OMeBnOH)_7cuv'; and the optics are the 4OMe convention. The sheet's own experiment number is 83, so the workbook was copied from the BnOH run t083 and the header never updated -- the likely source of the filename error. No number changes."
85,4OMe-BnOH,Carbonate,11.84,25.0,True,7,300.0,7.53,300.0,7.53,stock,declared,use,,,,pH=extracted;T=filename;substrate=ruling;buffer=filename;has_enzyme=filename,,mads_t085_t=25_Carbonate_0.1M_BnOH_with_E_H2O2_244.xls,"substrate: filename says BnOH; ruled 4OMe-BnOH on 2026-08-30. The sheet's stock block is labelled '4-MeO-BnOH [g]' and computes from M = 138.17 g/mol (4-methoxybenzyl alcohol; benzyl alcohol is 108.14), so every concentration already assumes 4OMe; the method string reads '1h_kcat(4OMeBnOH)_7cuv'; and the optics are the 4OMe convention. The sheet's own experiment number is 83, so the workbook was copied from the BnOH run t083 and the header never updated -- the likely source of the filename error. No number changes."
127,4OMe-BnOH,Pyrophosphate,7.29,25.0,True,4,300.0,7.53,300.0,7.53,stock,declared,use,,,,pH=extracted;T=filename;substrate=extracted;buffer=filename;has_enzyme=extracted,,mads_t127_t=25_sub H2O2_pyrophosphate_01.xls,
128,4OMe-BnOH,Pyrophosphate,7.29,25.0,True,5,300.0,7.53,300.0,7.53,stock,declared,use,,block;chain,"sample 5 is the reference row ""ref 5"" (a matched no-enzyme blank) with its own cuvette volume, not a 5th titration condition, so both its concentrations and its volume ratio differ from the measured cuvettes. Documented in DATA_VERIFICATION.md Round 4; the sample is already handled downstream.",pH=extracted;T=filename;substrate=extracted;buffer=filename;has_enzyme=extracted,,mads_t128_t=25_sub H2O2_pyrophosphate_02.xls,
129,4OMe-BnOH,Pyrophosphate,7.29,25.0,True,4,300.0,7.53,300.0,7.53,stock,declared,use,,,,pH=extracted;T=filename;substrate=extracted;buffer=filename;has_enzyme=extracted,,mads_t129_t=25_sub H2O2_pyrophosphate_03.xls,
130,4OMe-BnOH,Pyrophosphate,7.29,25.0,True,4,300.0,7.53,300.0,7.53,stock,declared,use,,,,pH=extracted;T=filename;substrate=extracted;buffer=filename;has_enzyme=extracted,,mads_t130_t=25_sub H2O2_pyrophosphate_04.xls,
131,4OMe-BnOH,Pyrophosphate,7.29,25.0,True,4,300.0,7.53,300.0,7.53,stock,declared,use,,,,pH=extracted;T=filename;substrate=extracted;buffer=filename;has_enzyme=extracted,,mads_t131_t=25_sub H2O2_pyrophosphate_05.xls,
135,BnOH,Pyrophosphate,7.7,25.0,True,7,285.0,1.23,285.0,1.23,stock,declared,use,,,,pH=filename;T=extracted;substrate=filename;buffer=extracted;has_enzyme=extracted,,"BnOH_pH_7,7_H2O2_163,16_#135.xls",
136,BnOH,Pyrophosphate,6.95,25.0,True,7,285.0,1.23,285.0,1.23,stock,declared,use,,,,pH=filename;T=extracted;substrate=filename;buffer=extracted;has_enzyme=extracted,,"BnOH_pH_6,95_H2O2_73,42_#136.xls",
137,BnOH,Pyrophosphate,7.53,25.0,True,7,285.0,1.23,285.0,1.23,stock,declared,use,,,,pH=filename;T=extracted;substrate=filename;buffer=extracted;has_enzyme=extracted,,"BnOH_pH_7,53_H2O2_73,42_#137.xls",
138,BnOH,Pyrophosphate,8.16,25.0,True,7,285.0,1.23,285.0,1.23,stock,declared,use,,,,pH=filename;T=extracted;substrate=filename;buffer=extracted;has_enzyme=extracted,,"BnOH_pH_8,16_H2O2_73,42_#138.xls",
139,BnOH,Pyrophosphate,8.51,25.0,True,7,285.0,1.23,285.0,1.23,stock,declared,use,,,,pH=filename;T=extracted;substrate=filename;buffer=extracted;has_enzyme=extracted,,"BnOH_pH_8,51_H2O2_73,42_#139.xls",
140,BnOH,Pyrophosphate,9.23,25.0,True,7,285.0,1.23,285.0,1.23,stock,declared,use,,,,pH=filename;T=extracted;substrate=filename;buffer=extracted;has_enzyme=extracted,,"BnOH_pH_9,23_H2O2_73,42_#140.xls",
141,BnOH,Pyrophosphate,9.15,25.0,True,7,285.0,1.23,285.0,1.23,stock,declared,use,,,,pH=filename;T=extracted;substrate=filename;buffer=extracted;has_enzyme=extracted,,"BnOH_pH_9,15_H2O2_73,42_#141.xls",
142,BnOH,Pyrophosphate,9.43,25.0,True,7,285.0,1.23,285.0,1.23,stock,declared,use,,,,pH=filename;T=extracted;substrate=filename;buffer=extracted;has_enzyme=extracted,,"BnOH_pH_9,43_H2O2_73,42_#142.xls",
143,BnOH,Pyrophosphate,9.73,25.0,True,7,285.0,1.23,285.0,1.23,stock,declared,use,,,,pH=filename;T=extracted;substrate=filename;buffer=extracted;has_enzyme=extracted,,"BnOH_pH_9,73_H2O2_35,24_#143.xls",
144,BnOH,Pyrophosphate,9.32,25.0,True,7,285.0,1.23,285.0,1.23,stock,declared,use,,,,pH=filename;T=extracted;substrate=filename;buffer=extracted;has_enzyme=extracted,,"BnOH_pH_9,32_H2O2_35,24_#144.xls",
145,BnOH,Pyrophosphate,9.04,25.0,True,7,285.0,1.23,285.0,1.23,stock,declared,use,,,,pH=filename;T=extracted;substrate=filename;buffer=extracted;has_enzyme=extracted,,"BnOH_pH_9,04_H2O2_35,24_#145.xls",
146,BnOH,Pyrophosphate,8.67,25.0,True,7,285.0,1.23,285.0,1.23,stock,declared,use,,,,pH=filename;T=extracted;substrate=filename;buffer=extracted;has_enzyme=extracted,,"BnOH_pH_8,67_H2O2_35,24_#146.xls",
147,BnOH,Pyrophosphate,8.02,25.0,True,7,285.0,1.23,285.0,1.23,stock,declared,use,,,,pH=filename;T=extracted;substrate=filename;buffer=extracted;has_enzyme=extracted,,"BnOH_pH_8,02_H2O2_35,24_#147.xls",
148,BnOH,Pyrophosphate,7.6,25.0,True,7,285.0,1.23,285.0,1.23,stock,declared,use,,,,pH=filename;T=extracted;substrate=filename;buffer=extracted;has_enzyme=extracted,,"BnOH_pH_7,6_H2O2_35,24_#148.xls",
149,BnOH,Pyrophosphate,7.1,25.0,True,7,285.0,1.23,285.0,1.23,stock,declared,use,,,,pH=filename;T=extracted;substrate=filename;buffer=extracted;has_enzyme=extracted,,"BnOH_pH_7,1_H2O2_35,25_#149.xls",
150,BnOH,Pyrophosphate,6.26,25.0,True,7,285.0,1.23,285.0,1.23,stock,declared,use,,,,pH=filename;T=extracted;substrate=filename;buffer=extracted;has_enzyme=extracted,,"BnOH_pH_6,26_H2O2_35,24_#150.xls",
151,BnOH,Pyrophosphate,5.47,25.0,True,7,285.0,1.23,285.0,1.23,stock,declared,use,,,,pH=filename;T=extracted;substrate=filename;buffer=extracted;has_enzyme=extracted,,"BnOH_pH_5,47_H2O2_35,24_#151.xls",
